id,platform,masvs,type,profiles,has_manual,weakness,title,tier,base_tool,ci_feasible,ready_rule,gap_note,masvs_control,control_title
MASTG-TEST-0326,android,AUTH,"[static, code]",[L2],no,MASWE-0045,References to APIs Allowing Fallback to Non-Biometric Authentication,auto,mobsfscan + MASTG semgrep 规则 + p/java/p/kotlin,yes,yes,,MASVS-AUTH-2,The app performs local authentication securely according to the platform best practices.
MASTG-TEST-0327,android,AUTH,"[static, code]",[L2],no,MASWE-0044,References to APIs for Event-Bound Biometric Authentication,auto,mobsfscan + MASTG semgrep 规则 + p/java/p/kotlin,yes,yes,,MASVS-AUTH-2,The app performs local authentication securely according to the platform best practices.
MASTG-TEST-0328,android,AUTH,"[static, code]",[L2],no,MASWE-0046,References to APIs Detecting Biometric Enrollment Changes,auto,mobsfscan + MASTG semgrep 规则 + p/java/p/kotlin,yes,yes,,MASVS-AUTH-2,The app performs local authentication securely according to the platform best practices.
MASTG-TEST-0329,android,AUTH,"[static, code]",[L2],no,MASWE-0044,References to APIs Enforcing Authentication without Explicit User Action,auto,mobsfscan + MASTG semgrep 规则 + p/java/p/kotlin,yes,yes,,MASVS-AUTH-2,The app performs local authentication securely according to the platform best practices.
MASTG-TEST-0330,android,AUTH,"[static, code]",[L2],no,MASWE-0044,References to APIs for Keys used in Biometric Authentication with Extended Validity Duration,auto,mobsfscan + MASTG semgrep 规则 + p/java/p/kotlin,yes,yes,,MASVS-AUTH-2,The app performs local authentication securely according to the platform best practices.
MASTG-TEST-0222,android,CODE,"[static, code]",[L2],no,MASWE-0116,Position Independent Code (PIC) Not Enabled,auto,mobsfscan + MASTG semgrep 规则 + p/java/p/kotlin,yes,no,二进制编译标志检查（PIE/Stack Canary），非源码模式匹配范畴，MASTG/mobsfscan 均无覆盖；需自写脚本用 readelf/checksec 类工具检测 .so 二进制编译标志，非 semgrep 规则可解决,MASVS-CODE-3; MASVS-CODE-4,The app only uses software components without known vulnerabilities. / The app validates and sanitizes all untrusted inputs.
MASTG-TEST-0223,android,CODE,"[static, code]",[L2],no,MASWE-0116,Stack Canaries Not Enabled,auto,mobsfscan + MASTG semgrep 规则 + p/java/p/kotlin,yes,no,二进制编译标志检查（PIE/Stack Canary），非源码模式匹配范畴，MASTG/mobsfscan 均无覆盖；需自写脚本用 readelf/checksec 类工具检测 .so 二进制编译标志，非 semgrep 规则可解决,MASVS-CODE-3; MASVS-CODE-4,The app only uses software components without known vulnerabilities. / The app validates and sanitizes all untrusted inputs.
MASTG-TEST-0245,android,CODE,"[static, code]",[L2],no,MASWE-0077,References to Platform Version APIs,auto,mobsfscan + MASTG semgrep 规则 + p/java/p/kotlin,yes,yes,,MASVS-CODE-1,The app requires an up-to-date platform version.
MASTG-TEST-0272,android,CODE,"[static, code]","[L1, L2]",no,MASWE-0076,Identify Dependencies with Known Vulnerabilities in the Android Project,auto,mobsfscan + MASTG semgrep 规则 + p/java/p/kotlin,yes,no,依赖已知漏洞比对属于 SCA（软件成分分析），非 semgrep 模式匹配范畴；需引入专用 SCA 工具（如 OWASP Dependency-Check / Trivy）扫描 Gradle 依赖或 SBOM，而非自写 semgrep 规则,MASVS-CODE-3,The app only uses software components without known vulnerabilities.
MASTG-TEST-0274,android,CODE,"[static, developer]","[L1, L2]",no,MASWE-0076,Dependencies with Known Vulnerabilities in the App's SBOM,auto,mobsfscan + MASTG semgrep 规则 + p/java/p/kotlin,yes,no,依赖已知漏洞比对属于 SCA（软件成分分析），非 semgrep 模式匹配范畴；需引入专用 SCA 工具（如 OWASP Dependency-Check / Trivy）扫描 Gradle 依赖或 SBOM，而非自写 semgrep 规则,MASVS-CODE-3,The app only uses software components without known vulnerabilities.
MASTG-TEST-0337,android,CODE,"[static, code]","[L1, L2]",no,MASWE-0088,References to Object Deserialization of Untrusted Data,auto,mobsfscan + MASTG semgrep 规则 + p/java/p/kotlin,yes,yes,,MASVS-CODE-4,The app validates and sanitizes all untrusted inputs.
MASTG-TEST-0339,android,CODE,"[static, code]","[L1, L2]",no,MASWE-0086,SQL Injection in Content Providers,auto,mobsfscan + MASTG semgrep 规则 + p/java/p/kotlin,yes,yes,,MASVS-CODE-4,The app validates and sanitizes all untrusted inputs.
MASTG-TEST-0372,android,CODE,"[static, code, manual]","[L1, L2]",yes,MASWE-0066,Implicit Intents Used for Internal App Communication,semi,mobsfscan + MASTG semgrep 规则 + p/java/p/kotlin,yes,yes,,MASVS-PLATFORM-1; MASVS-STORAGE-2,The app uses IPC mechanisms securely. / The app prevents leakage of sensitive data.
MASTG-TEST-0374,android,CODE,"[static, code, manual]","[L1, L2]",yes,MASWE-0066,References to Implicit Intents Carrying Sensitive Extras,semi,mobsfscan + MASTG semgrep 规则 + p/java/p/kotlin,yes,yes,,MASVS-PLATFORM-1; MASVS-STORAGE-2,The app uses IPC mechanisms securely. / The app prevents leakage of sensitive data.
MASTG-TEST-0392,android,CODE,"[static, code, manual]",[L2],yes,MASWE-0075,References to Enforced Updating APIs,semi,mobsfscan + MASTG semgrep 规则 + p/java/p/kotlin,yes,partial,无精确现成规则，通用 SAST 初筛后人工确认,MASVS-CODE-2,The app has a mechanism for enforcing app updates.
MASTG-TEST-0398,android,CODE,"[static, code, manual]","[L1, L2]",yes,MASWE-0071,References to WebViewClient URL Loading Handlers,semi,mobsfscan + MASTG semgrep 规则 + p/java/p/kotlin,yes,yes,,MASVS-CODE-4,The app validates and sanitizes all untrusted inputs.
MASTG-TEST-0399,android,CODE,"[static, config, code]","[L1, L2]",no,MASWE-0071,SafeBrowsing Disabled,auto,mobsfscan + MASTG semgrep 规则 + p/java/p/kotlin,yes,yes,,MASVS-CODE-4,The app validates and sanitizes all untrusted inputs.
MASTG-TEST-0204,android,CRYPTO,"[static, code, manual]","[L1, L2]",yes,MASWE-0027,Insecure Random API Usage,semi,mobsfscan + MASTG semgrep 规则 + p/java/p/kotlin,yes,yes,,MASVS-CRYPTO-1,The app employs current strong cryptography and uses it according to industry best practices.
MASTG-TEST-0205,android,CRYPTO,"[static, code, manual]","[L1, L2]",yes,MASWE-0027,Non-random Sources Usage,semi,mobsfscan + MASTG semgrep 规则 + p/java/p/kotlin,yes,yes,,MASVS-CRYPTO-1,The app employs current strong cryptography and uses it according to industry best practices.
MASTG-TEST-0208,android,CRYPTO,"[static, code]","[L1, L2]",no,MASWE-0009,Insufficient Key Sizes,auto,mobsfscan + MASTG semgrep 规则 + p/java/p/kotlin,yes,yes,,MASVS-CRYPTO-2,The app performs key management according to industry best practices.
MASTG-TEST-0212,android,CRYPTO,"[static, code]","[L1, L2]",no,MASWE-0014,Use of Hardcoded Cryptographic Keys in Code,auto,mobsfscan + MASTG semgrep 规则 + p/java/p/kotlin,yes,yes,,MASVS-CRYPTO-2,The app performs key management according to industry best practices.
MASTG-TEST-0221,android,CRYPTO,"[static, code, manual]","[L1, L2]",yes,MASWE-0020,Broken Symmetric Encryption Algorithms,semi,mobsfscan + MASTG semgrep 规则 + p/java/p/kotlin,yes,yes,,MASVS-CRYPTO-1,The app employs current strong cryptography and uses it according to industry best practices.
MASTG-TEST-0232,android,CRYPTO,"[static, code, manual]","[L1, L2]",yes,MASWE-0020,Broken Symmetric Encryption Modes,semi,mobsfscan + MASTG semgrep 规则 + p/java/p/kotlin,yes,yes,,MASVS-CRYPTO-1,The app employs current strong cryptography and uses it according to industry best practices.
MASTG-TEST-0307,android,CRYPTO,"[static, code]",[L2],no,MASWE-0012,References to Asymmetric Key Pairs Used For Multiple Purposes,auto,mobsfscan + MASTG semgrep 规则 + p/java/p/kotlin,yes,yes,,MASVS-CRYPTO-2,The app performs key management according to industry best practices.
MASTG-TEST-0309,android,CRYPTO,"[static, code]",[L2],no,MASWE-0022,References to Reused Initialization Vectors in Symmetric Encryption,auto,mobsfscan + MASTG semgrep 规则 + p/java/p/kotlin,yes,partial,无精确现成规则，通用 SAST 初筛后人工确认,MASVS-CRYPTO-1,The app employs current strong cryptography and uses it according to industry best practices.
MASTG-TEST-0312,android,CRYPTO,"[static, code]","[L1, L2]",no,MASWE-0020,References to Explicit Security Provider in Cryptographic APIs,auto,mobsfscan + MASTG semgrep 规则 + p/java/p/kotlin,yes,yes,,MASVS-CRYPTO-1,The app employs current strong cryptography and uses it according to industry best practices.
MASTG-TEST-0217,android,NETWORK,"[static, code]","[L1, L2]",no,MASWE-0050,Insecure TLS Protocols Explicitly Allowed in Code,auto,mobsfscan + MASTG semgrep 规则 + p/java/p/kotlin,yes,partial,无精确现成规则，通用 SAST 初筛后人工确认,MASVS-NETWORK-1,The app secures all network traffic according to the current best practices.
MASTG-TEST-0233,android,NETWORK,"[static, code]","[L1, L2]",no,MASWE-0050,Hardcoded HTTP URLs,auto,mobsfscan + MASTG semgrep 规则 + p/java/p/kotlin,yes,partial,无精确现成规则，通用 SAST 初筛后人工确认,MASVS-NETWORK-1,The app secures all network traffic according to the current best practices.
MASTG-TEST-0234,android,NETWORK,"[static, code]","[L1, L2]",no,MASWE-0052,Missing Implementation of Server Hostname Verification with SSLSockets,auto,mobsfscan + MASTG semgrep 规则 + p/java/p/kotlin,yes,yes,,MASVS-NETWORK-1,The app secures all network traffic according to the current best practices.
MASTG-TEST-0235,android,NETWORK,"[static, code]","[L1, L2]",no,MASWE-0050,Android App Configurations Allowing Cleartext Traffic,auto,mobsfscan + MASTG semgrep 规则 + p/java/p/kotlin,yes,partial,无精确现成规则，通用 SAST 初筛后人工确认,MASVS-NETWORK-1,The app secures all network traffic according to the current best practices.
MASTG-TEST-0237,android,NETWORK,"[static, code]","[L1, L2]",no,MASWE-0050,Cross-Platform Framework Configurations Allowing Cleartext Traffic,auto,mobsfscan + MASTG semgrep 规则 + p/java/p/kotlin,yes,partial,无精确现成规则，通用 SAST 初筛后人工确认,MASVS-NETWORK-1,The app secures all network traffic according to the current best practices.
MASTG-TEST-0239,android,NETWORK,"[static, code]","[L1, L2]",no,MASWE-0050,Using low-level APIs (e.g. Socket) to set up a custom HTTP connection,auto,mobsfscan + MASTG semgrep 规则 + p/java/p/kotlin,yes,partial,无精确现成规则，通用 SAST 初筛后人工确认,MASVS-NETWORK-1,The app secures all network traffic according to the current best practices.
MASTG-TEST-0242,android,NETWORK,"[static, code]",[L2],no,MASWE-0047,Missing Certificate Pinning in Network Security Configuration,auto,mobsfscan + MASTG semgrep 规则 + p/java/p/kotlin,yes,yes,,MASVS-NETWORK-2,The app performs identity pinning for all remote endpoints under the developer's control.
MASTG-TEST-0243,android,NETWORK,"[static, code]",[L2],no,MASWE-0047,Expired Certificate Pins in the Network Security Configuration,auto,mobsfscan + MASTG semgrep 规则 + p/java/p/kotlin,yes,yes,,MASVS-NETWORK-2,The app performs identity pinning for all remote endpoints under the developer's control.
MASTG-TEST-0282,android,NETWORK,"[static, code, manual]","[L1, L2]",yes,MASWE-0052,Unsafe Custom Trust Evaluation,semi,mobsfscan + MASTG semgrep 规则 + p/java/p/kotlin,yes,yes,,MASVS-NETWORK-1,The app secures all network traffic according to the current best practices.
MASTG-TEST-0283,android,NETWORK,"[static, code, manual]","[L1, L2]",yes,MASWE-0052,Incorrect Implementation of Server Hostname Verification,semi,mobsfscan + MASTG semgrep 规则 + p/java/p/kotlin,yes,yes,,MASVS-NETWORK-1,The app secures all network traffic according to the current best practices.
MASTG-TEST-0284,android,NETWORK,"[static, code, manual]","[L1, L2]",yes,MASWE-0052,Incorrect SSL Error Handling in WebViews,semi,mobsfscan + MASTG semgrep 规则 + p/java/p/kotlin,yes,yes,,MASVS-NETWORK-1,The app secures all network traffic according to the current best practices.
MASTG-TEST-0285,android,NETWORK,"[static, code]","[L1, L2]",no,MASWE-0052,Outdated Android Version Allowing Trust in User-Provided CAs,auto,mobsfscan + MASTG semgrep 规则 + p/java/p/kotlin,yes,partial,无精确现成规则，通用 SAST 初筛后人工确认,MASVS-NETWORK-1,The app secures all network traffic according to the current best practices.
MASTG-TEST-0286,android,NETWORK,"[static, code]","[L1, L2]",no,MASWE-0052,Network Security Configuration Allowing Trust in User-Provided CAs,auto,mobsfscan + MASTG semgrep 规则 + p/java/p/kotlin,yes,yes,,MASVS-NETWORK-1,The app secures all network traffic according to the current best practices.
MASTG-TEST-0295,android,NETWORK,"[static, code]",[L2],no,MASWE-0052,GMS Security Provider Not Updated,auto,mobsfscan + MASTG semgrep 规则 + p/java/p/kotlin,yes,partial,无精确现成规则，通用 SAST 初筛后人工确认,MASVS-NETWORK-1,The app secures all network traffic according to the current best practices.
MASTG-TEST-0250,android,PLATFORM,"[static, code]","[L1, L2]",no,MASWE-0069,References to Content Provider Access in WebViews,auto,mobsfscan + MASTG semgrep 规则 + p/java/p/kotlin,yes,partial,无精确现成规则，通用 SAST 初筛后人工确认,MASVS-PLATFORM-2,The app uses WebViews securely.
MASTG-TEST-0252,android,PLATFORM,"[static, code]","[L1, L2]",no,MASWE-0069,References to Local File Access in WebViews,auto,mobsfscan + MASTG semgrep 规则 + p/java/p/kotlin,yes,yes,,MASVS-PLATFORM-2,The app uses WebViews securely.
MASTG-TEST-0258,android,PLATFORM,"[static, code]",[L2],no,MASWE-0053,References to Keyboard Caching Attributes in UI Elements,auto,mobsfscan + MASTG semgrep 规则 + p/java/p/kotlin,yes,yes,,MASVS-PLATFORM-3,The app uses the user interface securely.
MASTG-TEST-0291,android,PLATFORM,"[static, code]",[L2],no,MASWE-0055,References to Screen Capturing Prevention APIs,auto,mobsfscan + MASTG semgrep 规则 + p/java/p/kotlin,yes,yes,,MASVS-PLATFORM-3,The app uses the user interface securely.
MASTG-TEST-0292,android,PLATFORM,"[static, code]",[L2],no,MASWE-0055,"""`setRecentsScreenshotEnabled` Not Used to Prevent Screenshots When Backgrounded""",auto,mobsfscan + MASTG semgrep 规则 + p/java/p/kotlin,yes,yes,,MASVS-PLATFORM-3,The app uses the user interface securely.
MASTG-TEST-0293,android,PLATFORM,"[static, code]",[L2],no,MASWE-0055,"""`setSecure` Not Used to Prevent Screenshots in SurfaceViews""",auto,mobsfscan + MASTG semgrep 规则 + p/java/p/kotlin,yes,yes,,MASVS-PLATFORM-3,The app uses the user interface securely.
MASTG-TEST-0294,android,PLATFORM,"[static, code]",[L2],no,MASWE-0055,"""`SecureOn` Not Used to Prevent Screenshots in Compose Dialogs""",auto,mobsfscan + MASTG semgrep 规则 + p/java/p/kotlin,yes,yes,,MASVS-PLATFORM-3,The app uses the user interface securely.
MASTG-TEST-0315,android,PLATFORM,"[static, code]",[L2],no,MASWE-0054,Sensitive Data Exposed via Notifications,auto,mobsfscan + MASTG semgrep 规则 + p/java/p/kotlin,yes,yes,,MASVS-PLATFORM-3,The app uses the user interface securely.
MASTG-TEST-0316,android,PLATFORM,"[static, code, manual]",[L2],yes,MASWE-0053,App Exposing User Authentication Data in Text Input Fields,semi,mobsfscan + MASTG semgrep 规则 + p/java/p/kotlin,yes,yes,,MASVS-PLATFORM-3,The app uses the user interface securely.
MASTG-TEST-0334,android,PLATFORM,"[static, code, manual]","[L1, L2]",yes,MASWE-0069,Native Code Exposed Through WebViews,semi,mobsfscan + MASTG semgrep 规则 + p/java/p/kotlin,yes,yes,,MASVS-PLATFORM-2,The app uses WebViews securely.
MASTG-TEST-0340,android,PLATFORM,"[static, code]",[L2],no,MASWE-0053,References to Overlay Attack Protections,auto,mobsfscan + MASTG semgrep 规则 + p/java/p/kotlin,yes,yes,,MASVS-PLATFORM-3,The app uses the user interface securely.
MASTG-TEST-0355,android,PLATFORM,"[static, config, manual]","[L1, L2]",yes,MASWE-0064,References to Unauthorized Database Access through Content Providers,semi,mobsfscan + MASTG semgrep 规则 + p/java/p/kotlin,yes,yes,,MASVS-PLATFORM-1,The app uses IPC mechanisms securely.
MASTG-TEST-0357,android,PLATFORM,"[static, config, code, manual]","[L1, L2]",yes,MASWE-0064,References to Oversharing of File-Based Content Providers,semi,mobsfscan + MASTG semgrep 规则 + p/java/p/kotlin,yes,yes,,MASVS-PLATFORM-1,The app uses IPC mechanisms securely.
MASTG-TEST-0364,android,PLATFORM,"[static, config, code, manual]","[L1, L2]",yes,MASWE-0119,Exported And Unprotected Activities That Expose Sensitive Functionality,semi,mobsfscan + MASTG semgrep 规则 + p/java/p/kotlin,yes,partial,无精确现成规则，通用 SAST 初筛后人工确认,MASVS-PLATFORM-1,The app uses IPC mechanisms securely.
MASTG-TEST-0365,android,PLATFORM,"[static, config, code, manual]","[L1, L2]",yes,MASWE-0062,Exported And Unprotected Services That Expose Sensitive Functionality,semi,mobsfscan + MASTG semgrep 规则 + p/java/p/kotlin,yes,partial,无精确现成规则，通用 SAST 初筛后人工确认,MASVS-PLATFORM-1,The app uses IPC mechanisms securely.
MASTG-TEST-0366,android,PLATFORM,"[static, config, code, manual]","[L1, L2]",yes,MASWE-0063,Exported And Unprotected Broadcast Receivers That Expose Sensitive Functionality,semi,mobsfscan + MASTG semgrep 规则 + p/java/p/kotlin,yes,partial,无精确现成规则，通用 SAST 初筛后人工确认,MASVS-PLATFORM-1,The app uses IPC mechanisms securely.
MASTG-TEST-0381,android,PLATFORM,[static],"[L1, L2]",no,MASWE-0066,References to Insecure PendingIntent Creation,auto,mobsfscan + MASTG semgrep 规则 + p/java/p/kotlin,yes,yes,,MASVS-PLATFORM-1,The app uses IPC mechanisms securely.
MASTG-TEST-0393,android,PLATFORM,"[static, config]","[L1, L2]",no,MASWE-0058,Use of Unverified App Links,auto,mobsfscan + MASTG semgrep 规则 + p/java/p/kotlin,yes,yes,,MASVS-PLATFORM-1,The app uses IPC mechanisms securely.
MASTG-TEST-0394,android,PLATFORM,"[static, code, manual]","[L1, L2]",yes,MASWE-0058,Missing Input Validation in Custom URL Scheme Handlers,semi,mobsfscan + MASTG semgrep 规则 + p/java/p/kotlin,yes,yes,,MASVS-PLATFORM-1,The app uses IPC mechanisms securely.
MASTG-TEST-0254,android,PRIVACY,"[static, code]",[P],no,MASWE-0117,Dangerous App Permissions,auto,mobsfscan + MASTG semgrep 规则 + p/java/p/kotlin,yes,yes,,MASVS-PRIVACY-1,The app minimizes access to sensitive data and resources.
MASTG-TEST-0318,android,PRIVACY,"[static, code]",[P],no,MASWE-0112,References to SDK APIs Known to Handle Sensitive User Data,auto,mobsfscan + MASTG semgrep 规则 + p/java/p/kotlin,yes,partial,无精确现成规则，通用 SAST 初筛后人工确认,MASVS-PRIVACY-3,The app is transparent about data collection and usage.
MASTG-TEST-0224,android,RESILIENCE,"[static, code]",[R],no,MASWE-0104,Usage of Insecure APK Signature Version,auto,mobsfscan + MASTG semgrep 规则 + p/java/p/kotlin,yes,no,需对已签名 APK 做二进制层校验（apksigner verify），非源码 semgrep 可覆盖；需自写脚本调用 apksigner/keytool 检测签名方案版本,MASVS-RESILIENCE-2,The app implements anti-tampering mechanisms.
MASTG-TEST-0225,android,RESILIENCE,"[static, code]",[R],no,MASWE-0104,Usage of Insecure APK Signature Key Size,auto,mobsfscan + MASTG semgrep 规则 + p/java/p/kotlin,yes,no,需对已签名 APK 做二进制层校验，非源码 semgrep 可覆盖；需自写脚本调用 apksigner/keytool 检测签名证书密钥长度,MASVS-RESILIENCE-2,The app implements anti-tampering mechanisms.
MASTG-TEST-0226,android,RESILIENCE,"[static, code]",[R],no,MASWE-0067,Debuggable Flag Enabled in the AndroidManifest,auto,mobsfscan + MASTG semgrep 规则 + p/java/p/kotlin,yes,yes,,MASVS-RESILIENCE-4,The app implements anti-dynamic analysis techniques.
MASTG-TEST-0227,android,RESILIENCE,"[static, code]",[R],no,MASWE-0067,Debugging Enabled for WebViews,auto,mobsfscan + MASTG semgrep 规则 + p/java/p/kotlin,yes,partial,无精确现成规则，通用 SAST 初筛后人工确认,MASVS-RESILIENCE-4,The app implements anti-dynamic analysis techniques.
MASTG-TEST-0247,android,RESILIENCE,"[static, code]",[L2],no,MASWE-0008,References to APIs for Detecting Secure Screen Lock,auto,mobsfscan + MASTG semgrep 规则 + p/java/p/kotlin,yes,yes,,MASVS-RESILIENCE-1,The app validates the integrity of the platform.
MASTG-TEST-0265,android,RESILIENCE,"[static, code]",[R],no,MASWE-0094,References to StrictMode APIs,auto,mobsfscan + MASTG semgrep 规则 + p/java/p/kotlin,yes,yes,,MASVS-RESILIENCE-3,The app implements anti-static analysis mechanisms.
MASTG-TEST-0288,android,RESILIENCE,"[static, code]",[R],no,MASWE-0093,Debugging Symbols in Native Binaries,auto,mobsfscan + MASTG semgrep 规则 + p/java/p/kotlin,yes,no,需对 native .so 二进制做符号表检查（nm/strip 校验），非源码模式匹配；需自写二进制检测脚本,MASVS-RESILIENCE-3,The app implements anti-static analysis mechanisms.
MASTG-TEST-0324,android,RESILIENCE,"[static, code]",[R],no,MASWE-0097,References to Root Detection Mechanisms,auto,mobsfscan + MASTG semgrep 规则 + p/java/p/kotlin,yes,yes,,MASVS-RESILIENCE-1,The app validates the integrity of the platform.
MASTG-TEST-0338,android,RESILIENCE,"[static, code, manual]",[R],yes,MASWE-0105,References to Storage Integrity Check APIs,semi,mobsfscan + MASTG semgrep 规则 + p/java/p/kotlin,yes,yes,,MASVS-RESILIENCE-2,The app implements anti-tampering mechanisms.
MASTG-TEST-0352,android,RESILIENCE,"[static, code, manual]",[R],yes,MASWE-0101,References to Debugging Detection APIs,semi,mobsfscan + MASTG semgrep 规则 + p/java/p/kotlin,yes,yes,,MASVS-RESILIENCE-4,The app implements anti-dynamic analysis techniques.
MASTG-TEST-0368,android,RESILIENCE,"[static, code, manual]",[R],yes,MASWE-0089,Insufficient Obfuscation of Security-Relevant Java/Kotlin Code,semi,mobsfscan + MASTG semgrep 规则 + p/java/p/kotlin,yes,partial,无精确现成规则，通用 SAST 初筛后人工确认,MASVS-RESILIENCE-3,The app implements anti-static analysis mechanisms.
MASTG-TEST-0369,android,RESILIENCE,"[static, package, manual]",[R],yes,MASWE-0089,Insufficient Obfuscation of Security-Relevant Native Code,semi,mobsfscan + MASTG semgrep 规则 + p/java/p/kotlin,yes,no,需对 native 二进制做逆向/符号混淆度评估，非 semgrep 源码规则可覆盖；需自写原生二进制分析脚本或引入专用逆向评估工具,MASVS-RESILIENCE-3,The app implements anti-static analysis mechanisms.
MASTG-TEST-0202,android,STORAGE,"[static, code, manual]","[L1, L2]",yes,MASWE-0007,References to APIs and Permissions for Accessing External Storage,semi,mobsfscan + MASTG semgrep 规则 + p/java/p/kotlin,yes,partial,无精确现成规则，通用 SAST 初筛后人工确认,MASVS-STORAGE-1,The app securely stores sensitive data.
MASTG-TEST-0231,android,STORAGE,"[static, code]","[L1, L2, P]",no,MASWE-0001,References to Logging APIs,auto,mobsfscan + MASTG semgrep 规则 + p/java/p/kotlin,yes,yes,,MASVS-STORAGE-2,The app prevents leakage of sensitive data.
MASTG-TEST-0262,android,STORAGE,"[static, code]","[L1, L2, P]",no,MASWE-0004,References to Backup Configurations Not Excluding Sensitive Data,auto,mobsfscan + MASTG semgrep 规则 + p/java/p/kotlin,yes,yes,,MASVS-STORAGE-2,The app prevents leakage of sensitive data.
MASTG-TEST-0304,android,STORAGE,"[static, code]","[L1, L2]",no,MASWE-0006,References to Sensitive Data Unencrypted via Android Room Database,auto,mobsfscan + MASTG semgrep 规则 + p/java/p/kotlin,yes,partial,无精确现成规则，通用 SAST 初筛后人工确认,MASVS-STORAGE-1,The app securely stores sensitive data.
MASTG-TEST-0305,android,STORAGE,"[static, dynamic]","[L1, L2]",no,MASWE-0006,Sensitive Data Stored Unencrypted via DataStore,auto,mobsfscan + MASTG semgrep 规则 + p/java/p/kotlin,yes,partial,无精确现成规则，通用 SAST 初筛后人工确认,MASVS-STORAGE-1,The app securely stores sensitive data.
MASTG-TEST-0306,android,STORAGE,"[static, code]","[L1, L2]",no,MASWE-0006,References to Sensitive Data Stored Unencrypted via Android Room DB,auto,mobsfscan + MASTG semgrep 规则 + p/java/p/kotlin,yes,partial,无精确现成规则，通用 SAST 初筛后人工确认,MASVS-STORAGE-1,The app securely stores sensitive data.
MASTG-TEST-0266,ios,AUTH,"[static, code]",[L2],no,MASWE-0044,References to APIs for Event-Bound Biometric Authentication,auto,mobsfscan + akabe1/insideapp(Swift); ObjC 走 mobsfscan libsast,yes,yes,,MASVS-AUTH-2,The app performs local authentication securely according to the platform best practices.
MASTG-TEST-0268,ios,AUTH,"[static, code]",[L2],no,MASWE-0045,References to APIs Allowing Fallback to Non-Biometric Authentication,auto,mobsfscan + akabe1/insideapp(Swift); ObjC 走 mobsfscan libsast,yes,yes,,MASVS-AUTH-2,The app performs local authentication securely according to the platform best practices.
MASTG-TEST-0270,ios,AUTH,"[static, code]",[L2],no,MASWE-0046,References to APIs Detecting Biometric Enrollment Changes,auto,mobsfscan + akabe1/insideapp(Swift); ObjC 走 mobsfscan libsast,yes,yes,,MASVS-AUTH-2,The app performs local authentication securely according to the platform best practices.
MASTG-TEST-0228,ios,CODE,"[static, code]",[L2],no,MASWE-0116,Position Independent Code (PIC) not Enabled,auto,mobsfscan + akabe1/insideapp(Swift); ObjC 走 mobsfscan libsast,yes,no,二进制层 Mach-O 编译标志检查（PIE/Stack Canary），非源码模式匹配范畴；需 otool/checksec 类工具检测二进制编译标志，非 semgrep 规则可解决,MASVS-CODE-3; MASVS-CODE-4,The app only uses software components without known vulnerabilities. / The app validates and sanitizes all untrusted inputs.
MASTG-TEST-0229,ios,CODE,"[static, code]",[L2],no,MASWE-0116,Stack Canaries Not enabled,auto,mobsfscan + akabe1/insideapp(Swift); ObjC 走 mobsfscan libsast,yes,no,二进制层 Mach-O 编译标志检查（PIE/Stack Canary），非源码模式匹配范畴；需 otool/checksec 类工具检测二进制编译标志，非 semgrep 规则可解决,MASVS-CODE-3; MASVS-CODE-4,The app only uses software components without known vulnerabilities. / The app validates and sanitizes all untrusted inputs.
MASTG-TEST-0230,ios,CODE,"[static, code]",[L2],no,MASWE-0116,Automatic Reference Counting (ARC) not enabled,auto,mobsfscan + akabe1/insideapp(Swift); ObjC 走 mobsfscan libsast,yes,partial,iOS 原生若为 Objective-C，semgrep 无 AST 支持，仅能靠 mobsfscan libsast 正则初筛；若为 Swift 可结合 mobsfscan/社区规则（akabe1/insideapp）进一步初筛，但均无精确命中的官方规则，仍需人工确认；缺口可通过补充原生 libsast 正则或自写规则弥补精度,MASVS-CODE-3; MASVS-CODE-4,The app only uses software components without known vulnerabilities. / The app validates and sanitizes all untrusted inputs.
MASTG-TEST-0273,ios,CODE,"[static, code]","[L1, L2]",no,MASWE-0076,Identify Dependencies with Known Vulnerabilities by Scanning Dependency Managers Artifacts,auto,mobsfscan + akabe1/insideapp(Swift); ObjC 走 mobsfscan libsast,yes,no,依赖已知漏洞比对属于 SCA（软件成分分析），非 semgrep 模式匹配范畴；需引入专用 SCA 工具（如 Trivy/Grype）扫描 CocoaPods/SPM/Carthage 依赖或 SBOM，而非自写 semgrep 规则,MASVS-CODE-3,The app only uses software components without known vulnerabilities.
MASTG-TEST-0275,ios,CODE,"[static, developer]","[L1, L2]",no,MASWE-0076,Dependencies with Known Vulnerabilities in the App's SBOM,auto,mobsfscan + akabe1/insideapp(Swift); ObjC 走 mobsfscan libsast,yes,no,依赖已知漏洞比对属于 SCA（软件成分分析），非 semgrep 模式匹配范畴；需引入专用 SCA 工具（如 Trivy/Grype）扫描 CocoaPods/SPM/Carthage 依赖或 SBOM，而非自写 semgrep 规则,MASVS-CODE-3,The app only uses software components without known vulnerabilities.
MASTG-TEST-0383,ios,CODE,"[static, code, manual]",[L2],yes,MASWE-0075,References to Enforced Updating APIs,semi,mobsfscan + akabe1/insideapp(Swift); ObjC 走 mobsfscan libsast,yes,partial,iOS 原生若为 Objective-C，semgrep 无 AST 支持，仅能靠 mobsfscan libsast 正则初筛；若为 Swift 可结合 mobsfscan/社区规则（akabe1/insideapp）进一步初筛，但均无精确命中的官方规则，仍需人工确认；缺口可通过补充原生 libsast 正则或自写规则弥补精度,MASVS-CODE-2,The app has a mechanism for enforcing app updates.
MASTG-TEST-0386,ios,CODE,"[static, code, manual]","[L1, L2]",yes,MASWE-0088,References to Object Deserialization of Untrusted Data,semi,mobsfscan + akabe1/insideapp(Swift); ObjC 走 mobsfscan libsast,yes,partial,iOS 原生若为 Objective-C，semgrep 无 AST 支持，仅能靠 mobsfscan libsast 正则初筛；若为 Swift 可结合 mobsfscan/社区规则（akabe1/insideapp）进一步初筛，但均无精确命中的官方规则，仍需人工确认；缺口可通过补充原生 libsast 正则或自写规则弥补精度,MASVS-CODE-4,The app validates and sanitizes all untrusted inputs.
MASTG-TEST-0209,ios,CRYPTO,"[static, code]","[L1, L2]",no,MASWE-0009,Insufficient Key Sizes,auto,mobsfscan + akabe1/insideapp(Swift); ObjC 走 mobsfscan libsast,yes,partial,iOS 原生若为 Objective-C，semgrep 无 AST 支持，仅能靠 mobsfscan libsast 正则初筛；若为 Swift 可结合 mobsfscan/社区规则（akabe1/insideapp）进一步初筛，但均无精确命中的官方规则，仍需人工确认；缺口可通过补充原生 libsast 正则或自写规则弥补精度,MASVS-CRYPTO-2,The app performs key management according to industry best practices.
MASTG-TEST-0210,ios,CRYPTO,"[static, code, manual]","[L1, L2]",yes,MASWE-0020,Broken Symmetric Encryption Algorithms,semi,mobsfscan + akabe1/insideapp(Swift); ObjC 走 mobsfscan libsast,yes,partial,iOS 原生若为 Objective-C，semgrep 无 AST 支持，仅能靠 mobsfscan libsast 正则初筛；若为 Swift 可结合 mobsfscan/社区规则（akabe1/insideapp）进一步初筛，但均无精确命中的官方规则，仍需人工确认；缺口可通过补充原生 libsast 正则或自写规则弥补精度,MASVS-CRYPTO-1,The app employs current strong cryptography and uses it according to industry best practices.
MASTG-TEST-0211,ios,CRYPTO,"[static, code, manual]","[L1, L2]",yes,MASWE-0021,Broken Hashing Algorithms,semi,mobsfscan + akabe1/insideapp(Swift); ObjC 走 mobsfscan libsast,yes,partial,iOS 原生若为 Objective-C，semgrep 无 AST 支持，仅能靠 mobsfscan libsast 正则初筛；若为 Swift 可结合 mobsfscan/社区规则（akabe1/insideapp）进一步初筛，但均无精确命中的官方规则，仍需人工确认；缺口可通过补充原生 libsast 正则或自写规则弥补精度,MASVS-CRYPTO-1,The app employs current strong cryptography and uses it according to industry best practices.
MASTG-TEST-0213,ios,CRYPTO,"[static, code, manual]","[L1, L2]",yes,MASWE-0014,Use of Hardcoded Cryptographic Keys in Code,semi,mobsfscan + akabe1/insideapp(Swift); ObjC 走 mobsfscan libsast,yes,yes,,MASVS-CRYPTO-2,The app performs key management according to industry best practices.
MASTG-TEST-0214,ios,CRYPTO,"[static, code, manual]","[L1, L2]",yes,MASWE-0014,Hardcoded Cryptographic Keys in Files,semi,mobsfscan + akabe1/insideapp(Swift); ObjC 走 mobsfscan libsast,yes,yes,,MASVS-CRYPTO-2,The app performs key management according to industry best practices.
MASTG-TEST-0311,ios,CRYPTO,"[static, code, manual]","[L1, L2]",yes,MASWE-0027,Insecure Random API Usage,semi,mobsfscan + akabe1/insideapp(Swift); ObjC 走 mobsfscan libsast,yes,partial,iOS 原生若为 Objective-C，semgrep 无 AST 支持，仅能靠 mobsfscan libsast 正则初筛；若为 Swift 可结合 mobsfscan/社区规则（akabe1/insideapp）进一步初筛，但均无精确命中的官方规则，仍需人工确认；缺口可通过补充原生 libsast 正则或自写规则弥补精度,MASVS-CRYPTO-1,The app employs current strong cryptography and uses it according to industry best practices.
MASTG-TEST-0317,ios,CRYPTO,"[static, code, manual]","[L1, L2]",yes,MASWE-0020,Broken Symmetric Encryption Modes,semi,mobsfscan + akabe1/insideapp(Swift); ObjC 走 mobsfscan libsast,yes,partial,iOS 原生若为 Objective-C，semgrep 无 AST 支持，仅能靠 mobsfscan libsast 正则初筛；若为 Swift 可结合 mobsfscan/社区规则（akabe1/insideapp）进一步初筛，但均无精确命中的官方规则，仍需人工确认；缺口可通过补充原生 libsast 正则或自写规则弥补精度,MASVS-CRYPTO-1,The app employs current strong cryptography and uses it according to industry best practices.
MASTG-TEST-0321,ios,NETWORK,"[static, code]","[L1, L2]",no,MASWE-0050,Hardcoded HTTP URLs,auto,mobsfscan + akabe1/insideapp(Swift); ObjC 走 mobsfscan libsast,yes,partial,iOS 原生若为 Objective-C，semgrep 无 AST 支持，仅能靠 mobsfscan libsast 正则初筛；若为 Swift 可结合 mobsfscan/社区规则（akabe1/insideapp）进一步初筛，但均无精确命中的官方规则，仍需人工确认；缺口可通过补充原生 libsast 正则或自写规则弥补精度,MASVS-NETWORK-1,The app secures all network traffic according to the current best practices.
MASTG-TEST-0322,ios,NETWORK,"[static, code, manual]","[L1, L2]",yes,MASWE-0050,App Transport Security Configurations Allowing Cleartext Traffic,semi,mobsfscan + akabe1/insideapp(Swift); ObjC 走 mobsfscan libsast,yes,partial,iOS 原生若为 Objective-C，semgrep 无 AST 支持，仅能靠 mobsfscan libsast 正则初筛；若为 Swift 可结合 mobsfscan/社区规则（akabe1/insideapp）进一步初筛，但均无精确命中的官方规则，仍需人工确认；缺口可通过补充原生 libsast 正则或自写规则弥补精度,MASVS-NETWORK-1,The app secures all network traffic according to the current best practices.
MASTG-TEST-0323,ios,NETWORK,"[static, code, manual]","[L1, L2]",yes,MASWE-0050,Uses of Low-Level Networking APIs for Cleartext Traffic,semi,mobsfscan + akabe1/insideapp(Swift); ObjC 走 mobsfscan libsast,yes,partial,iOS 原生若为 Objective-C，semgrep 无 AST 支持，仅能靠 mobsfscan libsast 正则初筛；若为 Swift 可结合 mobsfscan/社区规则（akabe1/insideapp）进一步初筛，但均无精确命中的官方规则，仍需人工确认；缺口可通过补充原生 libsast 正则或自写规则弥补精度,MASVS-NETWORK-1,The app secures all network traffic according to the current best practices.
MASTG-TEST-0342,ios,NETWORK,"[static, code]","[L1, L2]",no,MASWE-0050,References to Weak ATS TLS Policy Exceptions in Info.plist,auto,mobsfscan + akabe1/insideapp(Swift); ObjC 走 mobsfscan libsast,yes,partial,iOS 原生若为 Objective-C，semgrep 无 AST 支持，仅能靠 mobsfscan libsast 正则初筛；若为 Swift 可结合 mobsfscan/社区规则（akabe1/insideapp）进一步初筛，但均无精确命中的官方规则，仍需人工确认；缺口可通过补充原生 libsast 正则或自写规则弥补精度,MASVS-NETWORK-1,The app secures all network traffic according to the current best practices.
MASTG-TEST-0343,ios,NETWORK,"[static, code, manual]","[L1, L2]",yes,MASWE-0050,URLSession TLS Protocol Configuration,semi,mobsfscan + akabe1/insideapp(Swift); ObjC 走 mobsfscan libsast,yes,partial,iOS 原生若为 Objective-C，semgrep 无 AST 支持，仅能靠 mobsfscan libsast 正则初筛；若为 Swift 可结合 mobsfscan/社区规则（akabe1/insideapp）进一步初筛，但均无精确命中的官方规则，仍需人工确认；缺口可通过补充原生 libsast 正则或自写规则弥补精度,MASVS-NETWORK-1,The app secures all network traffic according to the current best practices.
MASTG-TEST-0344,ios,NETWORK,"[static, code, manual]","[L1, L2]",yes,MASWE-0050,Network.framework TLS Protocol Configuration,semi,mobsfscan + akabe1/insideapp(Swift); ObjC 走 mobsfscan libsast,yes,partial,iOS 原生若为 Objective-C，semgrep 无 AST 支持，仅能靠 mobsfscan libsast 正则初筛；若为 Swift 可结合 mobsfscan/社区规则（akabe1/insideapp）进一步初筛，但均无精确命中的官方规则，仍需人工确认；缺口可通过补充原生 libsast 正则或自写规则弥补精度,MASVS-NETWORK-1,The app secures all network traffic according to the current best practices.
MASTG-TEST-0345,ios,NETWORK,"[static, code, manual]","[L1, L2]",yes,MASWE-0050,Embedded or Third-party TLS Stack Configuration,semi,mobsfscan + akabe1/insideapp(Swift); ObjC 走 mobsfscan libsast,yes,partial,iOS 原生若为 Objective-C，semgrep 无 AST 支持，仅能靠 mobsfscan libsast 正则初筛；若为 Swift 可结合 mobsfscan/社区规则（akabe1/insideapp）进一步初筛，但均无精确命中的官方规则，仍需人工确认；缺口可通过补充原生 libsast 正则或自写规则弥补精度,MASVS-NETWORK-1,The app secures all network traffic according to the current best practices.
MASTG-TEST-0385,ios,NETWORK,[static],[L2],no,MASWE-0047,Missing Certificate Pinning in ATS,auto,mobsfscan + akabe1/insideapp(Swift); ObjC 走 mobsfscan libsast,yes,yes,,MASVS-NETWORK-2,The app performs identity pinning for all remote endpoints under the developer's control.
MASTG-TEST-0396,ios,NETWORK,"[static, code, manual]","[L1, L2]",yes,MASWE-0052,References to URLSessionDelegate Bypassing Certificate Validation,semi,mobsfscan + akabe1/insideapp(Swift); ObjC 走 mobsfscan libsast,yes,yes,,MASVS-NETWORK-1,The app secures all network traffic according to the current best practices.
MASTG-TEST-0397,ios,NETWORK,"[static, code, manual]","[L1, L2]",yes,MASWE-0052,References to WKNavigationDelegate Bypassing Certificate Validation,semi,mobsfscan + akabe1/insideapp(Swift); ObjC 走 mobsfscan libsast,yes,yes,,MASVS-NETWORK-1,The app secures all network traffic according to the current best practices.
MASTG-TEST-0276,ios,PLATFORM,"[static, code, manual]",[L2],yes,MASWE-0053,Use of the iOS General Pasteboard,semi,mobsfscan + akabe1/insideapp(Swift); ObjC 走 mobsfscan libsast,yes,partial,iOS 原生若为 Objective-C，semgrep 无 AST 支持，仅能靠 mobsfscan libsast 正则初筛；若为 Swift 可结合 mobsfscan/社区规则（akabe1/insideapp）进一步初筛，但均无精确命中的官方规则，仍需人工确认；缺口可通过补充原生 libsast 正则或自写规则弥补精度,MASVS-PLATFORM-3,The app uses the user interface securely.
MASTG-TEST-0278,ios,PLATFORM,"[static, code]",[L2],no,MASWE-0053,Pasteboard Contents Not Cleared After Use,auto,mobsfscan + akabe1/insideapp(Swift); ObjC 走 mobsfscan libsast,yes,partial,iOS 原生若为 Objective-C，semgrep 无 AST 支持，仅能靠 mobsfscan libsast 正则初筛；若为 Swift 可结合 mobsfscan/社区规则（akabe1/insideapp）进一步初筛，但均无精确命中的官方规则，仍需人工确认；缺口可通过补充原生 libsast 正则或自写规则弥补精度,MASVS-PLATFORM-3,The app uses the user interface securely.
MASTG-TEST-0279,ios,PLATFORM,"[static, code]",[L2],no,MASWE-0053,Pasteboard Contents Not Expiring,auto,mobsfscan + akabe1/insideapp(Swift); ObjC 走 mobsfscan libsast,yes,partial,iOS 原生若为 Objective-C，semgrep 无 AST 支持，仅能靠 mobsfscan libsast 正则初筛；若为 Swift 可结合 mobsfscan/社区规则（akabe1/insideapp）进一步初筛，但均无精确命中的官方规则，仍需人工确认；缺口可通过补充原生 libsast 正则或自写规则弥补精度,MASVS-PLATFORM-3,The app uses the user interface securely.
MASTG-TEST-0280,ios,PLATFORM,"[static, code]",[L2],no,MASWE-0053,Pasteboard Contents Not Restricted to Local Device,auto,mobsfscan + akabe1/insideapp(Swift); ObjC 走 mobsfscan libsast,yes,partial,iOS 原生若为 Objective-C，semgrep 无 AST 支持，仅能靠 mobsfscan libsast 正则初筛；若为 Swift 可结合 mobsfscan/社区规则（akabe1/insideapp）进一步初筛，但均无精确命中的官方规则，仍需人工确认；缺口可通过补充原生 libsast 正则或自写规则弥补精度,MASVS-PLATFORM-3,The app uses the user interface securely.
MASTG-TEST-0331,ios,PLATFORM,"[static, code]","[L1, L2]",no,MASWE-0072,Use of Deprecated WebView APIs,auto,mobsfscan + akabe1/insideapp(Swift); ObjC 走 mobsfscan libsast,yes,partial,iOS 原生若为 Objective-C，semgrep 无 AST 支持，仅能靠 mobsfscan libsast 正则初筛；若为 Swift 可结合 mobsfscan/社区规则（akabe1/insideapp）进一步初筛，但均无精确命中的官方规则，仍需人工确认；缺口可通过补充原生 libsast 正则或自写规则弥补精度,MASVS-PLATFORM-2,The app uses WebViews securely.
MASTG-TEST-0332,ios,PLATFORM,"[static, code, manual]","[L1, L2, P]",yes,MASWE-0071,Attacker-Controlled URI in WebViews,semi,mobsfscan + akabe1/insideapp(Swift); ObjC 走 mobsfscan libsast,yes,yes,,MASVS-PLATFORM-2,The app uses WebViews securely.
MASTG-TEST-0333,ios,PLATFORM,"[static, code, manual]","[L1, L2]",yes,MASWE-0069,Overly Broad File Read Access in WebViews,semi,mobsfscan + akabe1/insideapp(Swift); ObjC 走 mobsfscan libsast,yes,partial,iOS 原生若为 Objective-C，semgrep 无 AST 支持，仅能靠 mobsfscan libsast 正则初筛；若为 Swift 可结合 mobsfscan/社区规则（akabe1/insideapp）进一步初筛，但均无精确命中的官方规则，仍需人工确认；缺口可通过补充原生 libsast 正则或自写规则弥补精度,MASVS-PLATFORM-2,The app uses WebViews securely.
MASTG-TEST-0335,ios,PLATFORM,"[static, code, manual]","[L1, L2]",yes,MASWE-0069,WebView File Origin Access Relaxed by Configuration,semi,mobsfscan + akabe1/insideapp(Swift); ObjC 走 mobsfscan libsast,yes,partial,iOS 原生若为 Objective-C，semgrep 无 AST 支持，仅能靠 mobsfscan libsast 正则初筛；若为 Swift 可结合 mobsfscan/社区规则（akabe1/insideapp）进一步初筛，但均无精确命中的官方规则，仍需人工确认；缺口可通过补充原生 libsast 正则或自写规则弥补精度,MASVS-PLATFORM-2,The app uses WebViews securely.
MASTG-TEST-0346,ios,PLATFORM,"[static, code, manual]",[L2],yes,MASWE-0053,References to APIs Hiding Sensitive Data in Text Input Fields,semi,mobsfscan + akabe1/insideapp(Swift); ObjC 走 mobsfscan libsast,yes,partial,iOS 原生若为 Objective-C，semgrep 无 AST 支持，仅能靠 mobsfscan libsast 正则初筛；若为 Swift 可结合 mobsfscan/社区规则（akabe1/insideapp）进一步初筛，但均无精确命中的官方规则，仍需人工确认；缺口可通过补充原生 libsast 正则或自写规则弥补精度,MASVS-PLATFORM-3,The app uses the user interface securely.
MASTG-TEST-0370,ios,PLATFORM,"[static, code]","[L1, L2]",no,MASWE-0058,Missing Input Validation in Custom URL Scheme Handlers,auto,mobsfscan + akabe1/insideapp(Swift); ObjC 走 mobsfscan libsast,yes,partial,iOS 原生若为 Objective-C，semgrep 无 AST 支持，仅能靠 mobsfscan libsast 正则初筛；若为 Swift 可结合 mobsfscan/社区规则（akabe1/insideapp）进一步初筛，但均无精确命中的官方规则，仍需人工确认；缺口可通过补充原生 libsast 正则或自写规则弥补精度,MASVS-PLATFORM-1,The app uses IPC mechanisms securely.
MASTG-TEST-0371,ios,PLATFORM,"[static, code]","[L1, L2]",no,MASWE-0058,Missing Source Validation in Custom URL Scheme Handlers,auto,mobsfscan + akabe1/insideapp(Swift); ObjC 走 mobsfscan libsast,yes,partial,iOS 原生若为 Objective-C，semgrep 无 AST 支持，仅能靠 mobsfscan libsast 正则初筛；若为 Swift 可结合 mobsfscan/社区规则（akabe1/insideapp）进一步初筛，但均无精确命中的官方规则，仍需人工确认；缺口可通过补充原生 libsast 正则或自写规则弥补精度,MASVS-PLATFORM-1,The app uses IPC mechanisms securely.
MASTG-TEST-0376,ios,PLATFORM,"[static, code]","[L1, L2]",no,MASWE-0069,References to Native Bridge APIs in WebViews,auto,mobsfscan + akabe1/insideapp(Swift); ObjC 走 mobsfscan libsast,yes,partial,iOS 原生若为 Objective-C，semgrep 无 AST 支持，仅能靠 mobsfscan libsast 正则初筛；若为 Swift 可结合 mobsfscan/社区规则（akabe1/insideapp）进一步初筛，但均无精确命中的官方规则，仍需人工确认；缺口可通过补充原生 libsast 正则或自写规则弥补精度,MASVS-PLATFORM-2,The app uses WebViews securely.
MASTG-TEST-0377,ios,PLATFORM,"[static, code, manual]","[L1, L2]",yes,MASWE-0069,References to `evaluateJavaScript` Used as Bridge Reply in `WKScriptMessageHandler`,semi,mobsfscan + akabe1/insideapp(Swift); ObjC 走 mobsfscan libsast,yes,partial,iOS 原生若为 Objective-C，semgrep 无 AST 支持，仅能靠 mobsfscan libsast 正则初筛；若为 Swift 可结合 mobsfscan/社区规则（akabe1/insideapp）进一步初筛，但均无精确命中的官方规则，仍需人工确认；缺口可通过补充原生 libsast 正则或自写规则弥补精度,MASVS-PLATFORM-2,The app uses WebViews securely.
MASTG-TEST-0378,ios,PLATFORM,"[static, code, manual]","[L1, L2]",yes,MASWE-0069,References to Password Fields in WebView-Loaded HTML,semi,mobsfscan + akabe1/insideapp(Swift); ObjC 走 mobsfscan libsast,yes,partial,iOS 原生若为 Objective-C，semgrep 无 AST 支持，仅能靠 mobsfscan libsast 正则初筛；若为 Swift 可结合 mobsfscan/社区规则（akabe1/insideapp）进一步初筛，但均无精确命中的官方规则，仍需人工确认；缺口可通过补充原生 libsast 正则或自写规则弥补精度,MASVS-PLATFORM-2,The app uses WebViews securely.
MASTG-TEST-0379,ios,PLATFORM,"[static, code]","[L1, L2]",no,MASWE-0069,References to `evaluateJavaScript` Without Content World Isolation,auto,mobsfscan + akabe1/insideapp(Swift); ObjC 走 mobsfscan libsast,yes,partial,iOS 原生若为 Objective-C，semgrep 无 AST 支持，仅能靠 mobsfscan libsast 正则初筛；若为 Swift 可结合 mobsfscan/社区规则（akabe1/insideapp）进一步初筛，但均无精确命中的官方规则，仍需人工确认；缺口可通过补充原生 libsast 正则或自写规则弥补精度,MASVS-PLATFORM-2,The app uses WebViews securely.
MASTG-TEST-0380,ios,PLATFORM,"[static, code, manual]","[L1, L2]",yes,MASWE-0069,References to `evaluateJavaScript` Writing Sensitive Data into WebView DOM,semi,mobsfscan + akabe1/insideapp(Swift); ObjC 走 mobsfscan libsast,yes,partial,iOS 原生若为 Objective-C，semgrep 无 AST 支持，仅能靠 mobsfscan libsast 正则初筛；若为 Swift 可结合 mobsfscan/社区规则（akabe1/insideapp）进一步初筛，但均无精确命中的官方规则，仍需人工确认；缺口可通过补充原生 libsast 正则或自写规则弥补精度,MASVS-PLATFORM-2,The app uses WebViews securely.
MASTG-TEST-0389,ios,PLATFORM,"[static, code, manual]",[L2],yes,MASWE-0061,References to the App-Wide Restriction of Custom Keyboards,semi,mobsfscan + akabe1/insideapp(Swift); ObjC 走 mobsfscan libsast,yes,partial,iOS 原生若为 Objective-C，semgrep 无 AST 支持，仅能靠 mobsfscan libsast 正则初筛；若为 Swift 可结合 mobsfscan/社区规则（akabe1/insideapp）进一步初筛，但均无精确命中的官方规则，仍需人工确认；缺口可通过补充原生 libsast 正则或自写规则弥补精度,MASVS-PLATFORM-1,The app uses IPC mechanisms securely.
MASTG-TEST-0390,ios,PLATFORM,"[static, code, manual]",[L2],yes,MASWE-0061,Full Access Requested by a Custom Keyboard Extension,semi,mobsfscan + akabe1/insideapp(Swift); ObjC 走 mobsfscan libsast,yes,partial,iOS 原生若为 Objective-C，semgrep 无 AST 支持，仅能靠 mobsfscan libsast 正则初筛；若为 Swift 可结合 mobsfscan/社区规则（akabe1/insideapp）进一步初筛，但均无精确命中的官方规则，仍需人工确认；缺口可通过补充原生 libsast 正则或自写规则弥补精度,MASVS-PLATFORM-1,The app uses IPC mechanisms securely.
MASTG-TEST-0395,ios,PLATFORM,"[static, code, manual]","[L1, L2]",yes,MASWE-0058,Missing Input Validation in Universal Link Handlers,semi,mobsfscan + akabe1/insideapp(Swift); ObjC 走 mobsfscan libsast,yes,partial,iOS 原生若为 Objective-C，semgrep 无 AST 支持，仅能靠 mobsfscan libsast 正则初筛；若为 Swift 可结合 mobsfscan/社区规则（akabe1/insideapp）进一步初筛，但均无精确命中的官方规则，仍需人工确认；缺口可通过补充原生 libsast 正则或自写规则弥补精度,MASVS-PLATFORM-1,The app uses IPC mechanisms securely.
MASTG-TEST-0281,ios,PRIVACY,"[static, dynamic]",[P],no,MASWE-0108,Undeclared Known Tracking Domains,auto,mobsfscan + akabe1/insideapp(Swift); ObjC 走 mobsfscan libsast,yes,no,需比对已知第三方追踪域名库（隐私清单审计），非 semgrep 模式匹配范畴；需引入专用隐私清单/追踪域名库比对工具，而非自写 semgrep 规则,MASVS-PRIVACY-1,The app minimizes access to sensitive data and resources.
MASTG-TEST-0360,ios,PRIVACY,"[static, config, manual]",[P],yes,MASWE-0117,Purpose String Accuracy for Reachable Protected Resource Access,semi,mobsfscan + akabe1/insideapp(Swift); ObjC 走 mobsfscan libsast,yes,partial,iOS 原生若为 Objective-C，semgrep 无 AST 支持，仅能靠 mobsfscan libsast 正则初筛；若为 Swift 可结合 mobsfscan/社区规则（akabe1/insideapp）进一步初筛，但均无精确命中的官方规则，仍需人工确认；缺口可通过补充原生 libsast 正则或自写规则弥补精度,MASVS-PRIVACY-1,The app minimizes access to sensitive data and resources.
MASTG-TEST-0362,ios,PRIVACY,"[static, package, manual]",[P],yes,MASWE-0117,Entitlements for Unjustified Capability Exposure,semi,mobsfscan + akabe1/insideapp(Swift); ObjC 走 mobsfscan libsast,yes,partial,iOS 原生若为 Objective-C，semgrep 无 AST 支持，仅能靠 mobsfscan libsast 正则初筛；若为 Swift 可结合 mobsfscan/社区规则（akabe1/insideapp）进一步初筛，但均无精确命中的官方规则，仍需人工确认；缺口可通过补充原生 libsast 正则或自写规则弥补精度,MASVS-PRIVACY-1,The app minimizes access to sensitive data and resources.
MASTG-TEST-0219,ios,RESILIENCE,"[static, code]",[R],no,MASWE-0093,Testing for Debugging Symbols,auto,mobsfscan + akabe1/insideapp(Swift); ObjC 走 mobsfscan libsast,yes,no,需对二进制做符号表检查（nm/strip 校验），非源码模式匹配；需自写二进制检测脚本,MASVS-RESILIENCE-3,The app implements anti-static analysis mechanisms.
MASTG-TEST-0220,ios,RESILIENCE,"[static, code]",[R],no,MASWE-0104,Usage of Outdated Code Signature Format,auto,mobsfscan + akabe1/insideapp(Swift); ObjC 走 mobsfscan libsast,yes,no,需 codesign 工具检验二进制签名格式，非源码规则可覆盖；需自写脚本调用 codesign 检测,MASVS-RESILIENCE-2,The app implements anti-tampering mechanisms.
MASTG-TEST-0240,ios,RESILIENCE,"[static, code]",[R],no,MASWE-0097,Jailbreak Detection in Code,auto,mobsfscan + akabe1/insideapp(Swift); ObjC 走 mobsfscan libsast,yes,yes,,MASVS-RESILIENCE-1,The app validates the integrity of the platform.
MASTG-TEST-0248,ios,RESILIENCE,"[static, code]",[L2],no,MASWE-0008,References to APIs for Detecting Secure Screen Lock,auto,mobsfscan + akabe1/insideapp(Swift); ObjC 走 mobsfscan libsast,yes,partial,iOS 原生若为 Objective-C，semgrep 无 AST 支持，仅能靠 mobsfscan libsast 正则初筛；若为 Swift 可结合 mobsfscan/社区规则（akabe1/insideapp）进一步初筛，但均无精确命中的官方规则，仍需人工确认；缺口可通过补充原生 libsast 正则或自写规则弥补精度,MASVS-RESILIENCE-1,The app validates the integrity of the platform.
MASTG-TEST-0261,ios,RESILIENCE,"[static, code]",[R],no,MASWE-0067,Debuggable Entitlement Enabled in the entitlements.plist,auto,mobsfscan + akabe1/insideapp(Swift); ObjC 走 mobsfscan libsast,yes,partial,iOS 原生若为 Objective-C，semgrep 无 AST 支持，仅能靠 mobsfscan libsast 正则初筛；若为 Swift 可结合 mobsfscan/社区规则（akabe1/insideapp）进一步初筛，但均无精确命中的官方规则，仍需人工确认；缺口可通过补充原生 libsast 正则或自写规则弥补精度,MASVS-RESILIENCE-4,The app implements anti-dynamic analysis techniques.
MASTG-TEST-0358,ios,RESILIENCE,"[static, code]",[R],no,MASWE-0094,Implementation Details Exposure Through Logging APIs,auto,mobsfscan + akabe1/insideapp(Swift); ObjC 走 mobsfscan libsast,yes,yes,,MASVS-RESILIENCE-3,The app implements anti-static analysis mechanisms.
MASTG-TEST-0387,ios,RESILIENCE,"[static, code, manual]",[R],yes,MASWE-0105,References to Storage Integrity Check APIs,semi,mobsfscan + akabe1/insideapp(Swift); ObjC 走 mobsfscan libsast,yes,partial,iOS 原生若为 Objective-C，semgrep 无 AST 支持，仅能靠 mobsfscan libsast 正则初筛；若为 Swift 可结合 mobsfscan/社区规则（akabe1/insideapp）进一步初筛，但均无精确命中的官方规则，仍需人工确认；缺口可通过补充原生 libsast 正则或自写规则弥补精度,MASVS-RESILIENCE-2,The app implements anti-tampering mechanisms.
MASTG-TEST-0391,ios,RESILIENCE,"[static, package, manual]",[R],yes,MASWE-0089,Insufficient Obfuscation of Security-Relevant Native Code,semi,mobsfscan + akabe1/insideapp(Swift); ObjC 走 mobsfscan libsast,yes,no,需对 native 二进制做混淆度评估/逆向分析，非 semgrep 源码规则可覆盖；需自写原生二进制分析脚本,MASVS-RESILIENCE-3,The app implements anti-static analysis mechanisms.
MASTG-TEST-0401,ios,RESILIENCE,"[static, code, manual]",[R],yes,MASWE-0101,References to Debugging Detection APIs,semi,mobsfscan + akabe1/insideapp(Swift); ObjC 走 mobsfscan libsast,yes,yes,,MASVS-RESILIENCE-4,The app implements anti-dynamic analysis techniques.
MASTG-TEST-0215,ios,STORAGE,"[static, code]","[L1, L2, P]",no,MASWE-0004,Sensitive Data Not Marked For Backup Exclusion,auto,mobsfscan + akabe1/insideapp(Swift); ObjC 走 mobsfscan libsast,yes,partial,iOS 原生若为 Objective-C，semgrep 无 AST 支持，仅能靠 mobsfscan libsast 正则初筛；若为 Swift 可结合 mobsfscan/社区规则（akabe1/insideapp）进一步初筛，但均无精确命中的官方规则，仍需人工确认；缺口可通过补充原生 libsast 正则或自写规则弥补精度,MASVS-STORAGE-2,The app prevents leakage of sensitive data.
MASTG-TEST-0297,ios,STORAGE,"[static, code]","[L1, L2]",no,MASWE-0001,Sensitive Data Exposure Through Logging APIs,auto,mobsfscan + akabe1/insideapp(Swift); ObjC 走 mobsfscan libsast,yes,yes,,MASVS-STORAGE-2,The app prevents leakage of sensitive data.
MASTG-TEST-0300,ios,STORAGE,"[static, code]",[L2],no,MASWE-0006,References to APIs for Storing Unencrypted Data in Private Storage,auto,mobsfscan + akabe1/insideapp(Swift); ObjC 走 mobsfscan libsast,yes,partial,iOS 原生若为 Objective-C，semgrep 无 AST 支持，仅能靠 mobsfscan libsast 正则初筛；若为 Swift 可结合 mobsfscan/社区规则（akabe1/insideapp）进一步初筛，但均无精确命中的官方规则，仍需人工确认；缺口可通过补充原生 libsast 正则或自写规则弥补精度,MASVS-STORAGE-1,The app securely stores sensitive data.
MASTG-TEST-0303,ios,STORAGE,"[static, code]","[L1, L2]",no,MASWE-0007,References to APIs for Storing Unencrypted Data in Shared Storage,auto,mobsfscan + akabe1/insideapp(Swift); ObjC 走 mobsfscan libsast,yes,partial,iOS 原生若为 Objective-C，semgrep 无 AST 支持，仅能靠 mobsfscan libsast 正则初筛；若为 Swift 可结合 mobsfscan/社区规则（akabe1/insideapp）进一步初筛，但均无精确命中的官方规则，仍需人工确认；缺口可通过补充原生 libsast 正则或自写规则弥补精度,MASVS-STORAGE-1,The app securely stores sensitive data.
MASTG-TEST-0313,ios,STORAGE,"[static, code, manual]",[L2],yes,MASWE-0053,References to APIs for Preventing Keyboard Caching of Text Fields,semi,mobsfscan + akabe1/insideapp(Swift); ObjC 走 mobsfscan libsast,yes,yes,,MASVS-STORAGE-2,The app prevents leakage of sensitive data.
MASTG-TEST-0388,ios,STORAGE,"[static, code, manual]","[L1, L2]",yes,MASWE-0006,References to Sensitive Data Stored Unprotected in Shared App Group Containers,semi,mobsfscan + akabe1/insideapp(Swift); ObjC 走 mobsfscan libsast,yes,partial,iOS 原生若为 Objective-C，semgrep 无 AST 支持，仅能靠 mobsfscan libsast 正则初筛；若为 Swift 可结合 mobsfscan/社区规则（akabe1/insideapp）进一步初筛，但均无精确命中的官方规则，仍需人工确认；缺口可通过补充原生 libsast 正则或自写规则弥补精度,MASVS-STORAGE-1,The app securely stores sensitive data.
